DROP DATABASE IF EXISTS mcs119_db;
CREATE DATABASE mcs119_db;
USE mcs119_db;
CREATE TABLE t1 (date CHAR(30), format CHAR(30))ENGINE=Columnstore;
INSERT INTO t1 VALUES
('2023-01-02 10:11:12', '%Y-%m-%d %H:%i:%S'),
('2203-01-02 10:11:12 PM', '%Y-%m-%d %h:%i:%S %p'),
('2023-01-02 01:11:12.12345AM', '%Y-%m-%d %h:%i:%S.%f%p'),
('2013-01-02 02:11:12.12345AM', '%Y-%m-%d %h:%i:%S.%f %p'),
('2001-01-02 12:11:12.12345 am', '%Y-%m-%d %h:%i:%S.%f%p'),
('2113-01-02 11:11:12Pm', '%Y-%m-%d %h:%i:%S%p'),
('10:20:10', '%H:%i:%s'),
('10:20:10', '%h:%i:%s.%f'),
('10:20:10', '%T'),
('10:20:10AM', '%h:%i:%s%p'),
('10:20:10AM', '%r'),
('10:20:10.44AM', '%h:%i:%s.%f%p'),
('15-01-2001 12:59:58', '%d-%m-%Y %H:%i:%S'),
('15 September 2001', '%d %M %Y'),
('15 SEPTEMB 1001', '%d %M %Y'),
('15 MAY 2221', '%d %b %Y'),
('15th May 2111', '%D %b %Y'),
('Sunday 15 MAY 2021', '%W %d %b %Y'),
('Sund 15 MAY 2011', '%W %d %b %Y'),
('Tuesday 00 2002', '%W %U %Y'),
('Thursday 53 1998', '%W %u %Y'),
('Sunday 01 1111', '%W %v %x'),
('Tuesday 52 2901', '%W %V %X'),
('060 1004', '%j %Y'),
('4 53 1998', '%w %u %Y'),
('15-01-2001', '%d-%m-%Y %H:%i:%S'),
('15-01-11', '%d-%m-%y'),
('15-2021-1', '%d-%Y-%c');
SELECT date, format, STR_TO_DATE(date, format) as str_to_date FROM t1;
date	format	str_to_date
2023-01-02 10:11:12	%Y-%m-%d %H:%i:%S	2023-01-02 10:11:12.000000
2203-01-02 10:11:12 PM	%Y-%m-%d %h:%i:%S %p	2203-01-02 22:11:12.000000
2023-01-02 01:11:12.12345AM	%Y-%m-%d %h:%i:%S.%f%p	2023-01-02 01:11:12.123450
2013-01-02 02:11:12.12345AM	%Y-%m-%d %h:%i:%S.%f %p	2013-01-02 02:11:12.123450
2001-01-02 12:11:12.12345 am	%Y-%m-%d %h:%i:%S.%f%p	2001-01-02 00:11:12.123450
2113-01-02 11:11:12Pm	%Y-%m-%d %h:%i:%S%p	2113-01-02 23:11:12.000000
10:20:10	%H:%i:%s	0000-00-00 10:20:10.000000
10:20:10	%h:%i:%s.%f	NULL
10:20:10	%T	0000-00-00 10:20:10.000000
10:20:10AM	%h:%i:%s%p	0000-00-00 10:20:10.000000
10:20:10AM	%r	0000-00-00 10:20:10.000000
10:20:10.44AM	%h:%i:%s.%f%p	0000-00-00 10:20:10.440000
15-01-2001 12:59:58	%d-%m-%Y %H:%i:%S	2001-01-15 12:59:58.000000
15 September 2001	%d %M %Y	2001-00-15 00:00:00.000000
15 SEPTEMB 1001	%d %M %Y	2001-00-15 00:00:00.000000
15 MAY 2221	%d %b %Y	2221-05-15 00:00:00.000000
15th May 2111	%D %b %Y	2111-05-15 00:00:00.000000
Sunday 15 MAY 2021	%W %d %b %Y	2021-05-15 00:00:00.000000
Sund 15 MAY 2011	%W %d %b %Y	NULL
Tuesday 00 2002	%W %U %Y	2002-00-00 00:00:00.000000
Thursday 53 1998	%W %u %Y	1999-01-07 00:00:00.000000
Sunday 01 1111	%W %v %x	1111-01-01 00:00:00.000000
Tuesday 52 2901	%W %V %X	2901-12-27 00:00:00.000000
060 1004	%j %Y	1004-02-29 00:00:00.000000
4 53 1998	%w %u %Y	1999-01-07 00:00:00.000000
15-01-2001	%d-%m-%Y %H:%i:%S	NULL
15-01-11	%d-%m-%y	2011-01-15 00:00:00.000000
15-2021-1	%d-%Y-%c	2021-01-15 00:00:00.000000
DROP TABLE t1;
CREATE TABLE t1(t1_d DATE, t1_t TIME, t1_dt DATETIME)ENGINE=Columnstore;
INSERT INTO t1 VALUES(NULL, NULL, NULL);
INSERT INTO t1 VALUES('0000-00-00', '00:00:00', '0000-00-00');
INSERT INTO t1 VALUES('2222-11-11', '12:12:12', '2020-11-11 12:12:12');
INSERT INTO t1 VALUES('2020-01-01', '11:11:11', '2020-12-31 12:34:56');
INSERT INTO t1 VALUES('2016-02-01', '11:11:11', '2017-02-01 12:12:12');
SELECT t1_dt, DATE_FORMAT(t1_dt, '%Y-%m-%d') a, DATE_FORMAT(t1_d, '%a %D %b %Y') b, DATE_FORMAT(t1_d, '%W %D %M %Y') c FROM t1;
t1_dt	a	b	c
NULL	NULL	NULL	NULL
0000-00-00 00:00:00	0000-00-00	Sun 0th NON_VALID 0000	Sunday 0th NON_VALID 0000
2020-11-11 12:12:12	2020-11-11	Mon 11th Nov 2222	Monday 11th November 2222
2020-12-31 12:34:56	2020-12-31	Wed 1st Jan 2020	Wednesday 1st January 2020
2017-02-01 12:12:12	2017-02-01	Mon 1st Feb 2016	Monday 1st February 2016
SELECT t1_dt, DATE_FORMAT(t1_dt, '%Y/%m/%d %T') a, DATE_FORMAT(t1_dt, '%a %D %b %Y %H:%i') b, DATE_FORMAT(t1_dt, '%W %D %M %Y %T') c FROM t1;
t1_dt	a	b	c
NULL	NULL	NULL	NULL
0000-00-00 00:00:00	0000/00/00 00:00:00	Sun 0th NON_VALID 0000 00:00	Sunday 0th NON_VALID 0000 00:00:00
2020-11-11 12:12:12	2020/11/11 12:12:12	Wed 11th Nov 2020 12:12	Wednesday 11th November 2020 12:12:12
2020-12-31 12:34:56	2020/12/31 12:34:56	Thu 31st Dec 2020 12:34	Thursday 31st December 2020 12:34:56
2017-02-01 12:12:12	2017/02/01 12:12:12	Wed 1st Feb 2017 12:12	Wednesday 1st February 2017 12:12:12
DROP DATABASE mcs119_db;
