DROP DATABASE IF EXISTS mcs26_db;
CREATE DATABASE mcs26_db;
USE mcs26_db;
CREATE TABLE table_a (id int, value int) ENGINE=Columnstore;
CREATE TABLE table_b (id int, ta_id int, value int) ENGINE=Columnstore;
INSERT INTO table_a VALUES (1, 10);
INSERT INTO table_a VALUES (2, 20);
INSERT INTO table_a VALUES (3, 30);
INSERT INTO table_b VALUES (1, 1, 100);
INSERT INTO table_b VALUES (2, 1, 200);
INSERT INTO table_b VALUES (3, 2, 300);
INSERT INTO table_b VALUES (4, 2, 400);
CREATE VIEW v AS 
SELECT      a.id a_id, b.id b_id, b.ta_id, a.value v1, b.value v2
FROM        table_a a
INNER JOIN  table_b b ON (b.ta_id = a.id);
SELECT * FROM v;
a_id	b_id	ta_id	v1	v2
1	1	1	10	100
1	2	1	10	200
2	3	2	20	300
2	4	2	20	400
INSERT INTO v (a_id, b_id, ta_id, v1, v2) VALUES (3, 5, 3, 30, 500);
ERROR HY000: Can not modify more than one base table through a join view 'mcs26_db.v'
INSERT INTO v (a_id, v1) VALUES (3, 30);
ERROR 42000: The storage engine for the table doesn't support MCS-1011: Insert on VIEW is currently not supported.
INSERT INTO v (b_id, ta_id, v2) VALUES (5, 3, 500);
ERROR 42000: The storage engine for the table doesn't support MCS-1011: Insert on VIEW is currently not supported.
SELECT * FROM v;
a_id	b_id	ta_id	v1	v2
1	1	1	10	100
1	2	1	10	200
2	3	2	20	300
2	4	2	20	400
DROP DATABASE mcs26_db;
