DROP DATABASE IF EXISTS mcs247_db2;
CREATE DATABASE mcs247_db2;
USE mcs247_db2;
CREATE TABLE t1
(
t1_INT INT,
t1_DECIMAL DECIMAL(12,5),
t1_TEXT TEXT,
t1_DATE DATE,
t1_TIME TIME
)ENGINE=Columnstore;
INSERT INTO t1 VALUES(103, 1234.5699, repeat('o', 5), '1997-12-12', '22:12:02');
INSERT INTO t1 VALUES(-7299, 111.99, repeat('p', 5), '2001-1-1', '23:59:59');
INSERT INTO t1 VALUES(9913, 98765.4321, repeat('q', 5), '09-12-11', '01:08:59');
SELECT FROM_UNIXTIME(0) FROM t1 LIMIT 1;
FROM_UNIXTIME(0)
EXPECTED_DATETIME_0
SELECT FROM_UNIXTIME(-1) FROM t1 LIMIT 1;
FROM_UNIXTIME(-1)
NULL
SELECT FROM_UNIXTIME(1) FROM t1 LIMIT 1;
FROM_UNIXTIME(1)
EXPECTED_DATETIME_1
SELECT FROM_UNIXTIME(1547432997) FROM t1 LIMIT 1;
FROM_UNIXTIME(1547432997)
EXPECTED_DATETIME_1547432997
SELECT FROM_UNIXTIME('1547432997') FROM t1 LIMIT 1;
FROM_UNIXTIME('1547432997')
EXPECTED_DATETIME_1547432997.000000
SELECT FROM_UNIXTIME(1547432997)+0 FROM t1 LIMIT 1;
FROM_UNIXTIME(1547432997)+0
EXPECTED_DATETIME_1547432997_NUM
SELECT FROM_UNIXTIME(1547432997, '%Y %D %M %h:%i:%s %x') FROM t1 LIMIT 1;
FROM_UNIXTIME(1547432997, '%Y %D %M %h:%i:%s %x')
EXPECTED_DATETIME_1547432997_NUM_FMT0
SELECT FROM_UNIXTIME(2047430881)-8101 FROM t1 LIMIT 1;
FROM_UNIXTIME(2047430881)-8101
EXPECTED_DATETIME_1547432997_MINUS_8101
SELECT t1_INT, FROM_UNIXTIME(t1_INT) FROM t1 ORDER BY 1;
t1_INT	FROM_UNIXTIME(t1_INT)
-7299	NULL
103	EXPECTED_DATETIME_103
9913	EXPECTED_DATETIME_9913
SELECT t1_DECIMAL, FROM_UNIXTIME(t1_DECIMAL) FROM t1 ORDER BY 1;
t1_DECIMAL	FROM_UNIXTIME(t1_DECIMAL)
111.99000	EXPECTED_DATETIME_111.99000
1234.56990	EXPECTED_DATETIME_1234.56990
98765.43210	EXPECTED_DATETIME_98765.43210
DROP DATABASE mcs247_db2;
