DROP DATABASE IF EXISTS mcs233_db;
CREATE DATABASE mcs233_db;
USE mcs233_db;
CREATE TABLE t1
(
t1_INT INT,
t1_DECIMAL DECIMAL(12,5),
t1_TEXT TEXT,
t1_DATE DATE,
t1_TIME TIME
)ENGINE=Columnstore;
INSERT INTO t1 VALUES(103, 1234.5699, 'pqrstuvwxyz', '1997-12-12', '22:12:02');
INSERT INTO t1 VALUES(-7299, 111.99, 'abcdefghijklm', '2001-1-1', '23:59:59');
INSERT INTO t1 VALUES(9913, 98765.4321, repeat('q', 5), '09-12-11', '01:08:59');
SELECT t1_INT, SEC_TO_TIME(t1_INT) FROM t1 ORDER BY 1;
t1_INT	SEC_TO_TIME(t1_INT)
-7299	-02:01:39
103	00:01:43
9913	02:45:13
SELECT t1_DECIMAL, SEC_TO_TIME(t1_DECIMAL) FROM t1 ORDER BY 1;
t1_DECIMAL	SEC_TO_TIME(t1_DECIMAL)
111.99000	00:01:52.00000
1234.56990	00:20:35.00000
98765.43210	27:26:05.00000
SELECT SEC_TO_TIME(0) FROM t1 ORDER BY 1;
SEC_TO_TIME(0)
00:00:00
00:00:00
00:00:00
SELECT SEC_TO_TIME(35889) FROM t1 ORDER BY 1;
SEC_TO_TIME(35889)
09:58:09
09:58:09
09:58:09
DROP DATABASE mcs233_db;
