DROP DATABASE IF EXISTS mcs263_db;
CREATE DATABASE mcs263_db;
USE mcs263_db;
CREATE TABLE t1
(
t1_INT INT,
t1_DECIMAL DECIMAL(12,5),
t1_TEXT TEXT,
t1_DATE DATE,
t1_TIME TIME
)ENGINE=Columnstore;
INSERT INTO t1 VALUES(103, 1234.5699, 'pqrstuvwxyz', '1997-12-12', '22:12:02');
INSERT INTO t1 VALUES(-7299, 111.99, 'abcdefghijklm', '2001-1-1', '23:59:59');
INSERT INTO t1 VALUES(9913, 98765.4321, repeat('q', 5), '09-12-11', '01:08:59');
SELECT SIN(-1) FROM t1 LIMIT 1;
SIN(-1)
-0.8414709848078965
SELECT SIN(0) FROM t1 LIMIT 1;
SIN(0)
0
SELECT SIN(1) FROM t1 LIMIT 1;
SIN(1)
0.8414709848078965
SELECT SIN(3.14) FROM t1 LIMIT 1;
SIN(3.14)
0.0015926529164868282
SELECT SIN(3.14/2) FROM t1 LIMIT 1;
SIN(3.14/2)
0.9999996829318346
SELECT SIN(3.14/4) FROM t1 LIMIT 1;
SIN(3.14/4)
0.706825181105366
SELECT t1_INT, SIN(t1_INT) FROM t1 ORDER BY 1;
t1_INT	SIN(t1_INT)
-7299	0.8820830128380527
103	0.6229886314423488
9913	-0.9566221651044184
SELECT t1_DECIMAL, SIN(t1_DECIMAL) FROM t1 ORDER BY 1;
t1_DECIMAL	SIN(t1_DECIMAL)
111.99000	-0.8945107200074195
1234.56990	0.07593968211822391
98765.43210	0.04224386964079158
DROP DATABASE mcs263_db;
