DROP DATABASE IF EXISTS mcs31_db1;
CREATE DATABASE mcs31_db1;
USE mcs31_db1;
DROP TABLE IF EXISTS t1;
Warnings:
Note	1051	Unknown table 'mcs31_db1.t1'
CREATE TABLE t1 (a INT NOT NULL, b INT) ENGINE=Columnstore;
INSERT INTO t1 VALUES (1,1),(1,2),(1,3),(3,1),(3,2);
CREATE table t2 LIKE t1;
UPDATE t1 SET nonexistingColumn = 1;
ERROR 42S22: Unknown column 'nonexistingColumn' in 'field list'
UPDATE t2 SET a = (SELECT nonexistingColumn FROM t1);
ERROR 42S22: Unknown column 'nonexistingColumn' in 'field list'
UPDATE t1 SET a = NULL;
ERROR HY000: Internal error: CAL0002: Update Failed:  MCS-4015: Column 'a' cannot be null.
UPDATE t1 SET a = NULL, b =1;
ERROR HY000: Internal error: CAL0002: Update Failed:  MCS-4015: Column 'a' cannot be null.
UPDATE t1 SET a =     ;
ERROR 42000: You have an error in your SQL syntax; check the manual that corresponds to your MariaDB server version for the right syntax to use near '' at line 1
SELECT * FROm t1 ORDER BY a;
a	b
1	3
1	1
1	2
3	1
3	2
SELECT * FROm t2 ORDER BY a;
a	b
DROP DATABASE IF EXISTS mcs31_db1;
