DROP DATABASE IF EXISTS mcs71_db;
CREATE DATABASE mcs71_db;
USE mcs71_db;
CREATE USER IF NOT EXISTS'cejuser'@'localhost' IDENTIFIED BY 'Vagrant1|0000001';
GRANT ALL PRIVILEGES ON *.* TO 'cejuser'@'localhost';
FLUSH PRIVILEGES;
CREATE TABLE t1 (t1_int INT, t1_char CHAR(5))ENGINE=Innodb;
CREATE TABLE t2 (t2_int INT, t2_char CHAR(5))ENGINE=Columnstore;
INSERT INTO t1 VALUES (NULL,''),(1,'aaa'),(2,'bbb'),(3,'aaa'),(4,'bbb'),(5,'aaa'),(6,'ccc'),(7,'bbb');
INSERT INTO t2 VALUES (NULL,''),(1,'ooo'),(3,'iii'),(5,'ooo'),(7,'ooo'),(9,'kkkk'),(11,'iii'),(13,'ooo');
SELECT COUNT(*) FROM t1, t2 WHERE t1.t1_int = t2.t2_int GROUP BY t1.t1_int ORDER BY t1.t1_int;
COUNT(*)
1
1
1
1
SELECT COUNT(*) FROM t1, t2 WHERE t1.t1_int = t2.t2_int GROUP BY t1.t1_char ORDER BY t1.t1_char;
COUNT(*)
3
1
SELECT COUNT(*) FROM t1, t2 WHERE t1.t1_int = t2.t2_int GROUP BY t2.t2_int ORDER BY t2.t2_int;
COUNT(*)
1
1
1
1
SELECT COUNT(*) FROM t1, t2 WHERE t1.t1_int = t2.t2_int GROUP BY t2.t2_char ORDER BY t2.t2_char;
COUNT(*)
1
3
SELECT COUNT(*) FROM t1, t2 WHERE t1.t1_int = t2.t2_int GROUP BY t2.t2_char ORDER BY t2.t2_char LIMIT 5;
COUNT(*)
1
3
SELECT COUNT(*) FROM t1, t2 WHERE t1.t1_int = t2.t2_int GROUP BY t2.t2_char ORDER BY t2.t2_char LIMIT 0;
COUNT(*)
SELECT COUNT(*) FROM t1, t2 WHERE t1.t1_int = t2.t2_int GROUP BY t2.t2_char ORDER BY t2.t2_char LIMIT -1;
ERROR 42000: You have an error in your SQL syntax; check the manual that corresponds to your MariaDB server version for the right syntax to use near '-1' at line 1
SELECT SUM(t1.t1_int) FROM t1 LEFT JOIN t2 ON t1.t1_int = t2.t2_int GROUP BY t1.t1_int ORDER BY t1.t1_int;
SUM(t1.t1_int)
NULL
1
2
3
4
5
6
7
SELECT SUM(t1.t1_int) FROM t1 LEFT JOIN t2 ON t1.t1_int = t2.t2_int GROUP BY t1.t1_char ORDER BY t1.t1_char;
SUM(t1.t1_int)
NULL
9
13
6
SELECT SUM(t1.t1_int) FROM t1 LEFT JOIN t2 ON t1.t1_int = t2.t2_int GROUP BY t2.t2_int ORDER BY t2.t2_int;
SUM(t1.t1_int)
12
1
3
5
7
SELECT SUM(t1.t1_int) FROM t1 LEFT JOIN t2 ON t1.t1_int = t2.t2_int GROUP BY t2.t2_char ORDER BY t2.t2_char;
SUM(t1.t1_int)
12
3
13
SELECT SUM(t1.t1_int) FROM t1 LEFT JOIN t2 ON t1.t1_int = t2.t2_int GROUP BY t1.t1_int ORDER BY t1.t1_int LIMIT 10;
SUM(t1.t1_int)
NULL
1
2
3
4
5
6
7
SELECT SUM(t1.t1_int) FROM t1 LEFT JOIN t2 ON t1.t1_int = t2.t2_int GROUP BY t1.t1_int ORDER BY t1.t1_int LIMIT 0;
SUM(t1.t1_int)
SELECT SUM(t1.t1_int) FROM t1 LEFT JOIN t2 ON t1.t1_int = t2.t2_int GROUP BY t1.t1_int ORDER BY t1.t1_int LIMIT -1;
ERROR 42000: You have an error in your SQL syntax; check the manual that corresponds to your MariaDB server version for the right syntax to use near '-1' at line 1
SELECT SUM(t1.t1_int) FROM t1 RIGHT JOIN t2 ON t1.t1_int = t2.t2_int GROUP BY t1.t1_int ORDER BY t1.t1_int;
SUM(t1.t1_int)
NULL
1
3
5
7
SELECT SUM(t1.t1_int) FROM t1 RIGHT JOIN t2 ON t1.t1_int = t2.t2_int GROUP BY t1.t1_char ORDER BY t1.t1_char;
SUM(t1.t1_int)
NULL
9
7
SELECT SUM(t1.t1_int) FROM t1 RIGHT JOIN t2 ON t1.t1_int = t2.t2_int GROUP BY t2.t2_int ORDER BY t2.t2_int;
SUM(t1.t1_int)
NULL
1
3
5
7
NULL
NULL
NULL
SELECT SUM(t1.t1_int) FROM t1 RIGHT JOIN t2 ON t1.t1_int = t2.t2_int GROUP BY t2.t2_char ORDER BY t2.t2_char;
SUM(t1.t1_int)
NULL
3
NULL
13
SELECT SUM(t1.t1_int) FROM t1 RIGHT JOIN t2 ON t1.t1_int = t2.t2_int GROUP BY t2.t2_int ORDER BY t2.t2_int LIMIT 10;
SUM(t1.t1_int)
NULL
1
3
5
7
NULL
NULL
NULL
SELECT SUM(t1.t1_int) FROM t1 RIGHT JOIN t2 ON t1.t1_int = t2.t2_int GROUP BY t2.t2_int ORDER BY t2.t2_int LIMIT 0;
SUM(t1.t1_int)
SELECT SUM(t1.t1_int) FROM t1 RIGHT JOIN t2 ON t1.t1_int = t2.t2_int GROUP BY t2.t2_int ORDER BY t2.t2_int LIMIT -1;
ERROR 42000: You have an error in your SQL syntax; check the manual that corresponds to your MariaDB server version for the right syntax to use near '-1' at line 1
DROP USER 'cejuser'@'localhost';
DROP DATABASE mcs71_db;
