DROP DATABASE IF EXISTS mcs89_db;
CREATE DATABASE mcs89_db;
USE mcs89_db;
CREATE TABLE t1 (id INT, name CHAR(25));
INSERT INTO t1 VALUES (1, 'one'), (2, 'two'), (3, 'three'), (4, 'four'), (5, 'five');
SELECT * FROM t1 ORDER BY id;
id	name
1	one
2	two
3	three
4	four
5	five
SELECT COUNT(*) FROM t1;
COUNT(*)
5
DROP TABLE IF EXISTS t1 RESTRICT;
DROP TABLE t1;
ERROR 42S02: Unknown table 'mcs89_db.t1'
DROP TABLE t1 RESTRICT;
DROP DATABASE IF EXISTS mcs89_db;
